zone_phase,alive_players,zone_index,storm_edge_dist,mats_total,surge_above,height_status,position_type,teammates_alive,outcome_placement,outcome_alive_time,best_call
early,30,3,58,2721,77,high,corner,3,5,221,take_height
mid,23,7,45,2693,225,mid,corner,0,30,168,stick_deadside
early,69,6,25,1376,223,mid,edge,0,93,105,stick_deadside
mid,41,8,47,2653,-107,mid,corner,0,63,347,take_height
late,53,7,42,789,141,high,edge,2,49,331,stabilize_box
early,49,8,54,44,46,mid,center,0,45,87,play_frontside
late,24,7,19,1920,-76,low,corner,1,98,170,drop_low
mid,50,4,27,2332,341,mid,corner,0,54,45,take_height
mid,47,4,56,2366,288,mid,corner,3,87,159,play_frontside
early,50,6,23,1032,191,mid,center,1,49,344,play_frontside
mid,42,5,0,2902,394,high,center,0,30,314,play_frontside
mid,22,5,53,1914,346,mid,corner,2,22,83,stabilize_box
mid,54,7,24,980,14,mid,center,0,20,52,play_frontside
mid,40,4,57,342,84,low,center,2,17,283,stick_deadside
mid,79,5,45,1413,358,high,center,2,41,101,play_frontside
early,40,3,10,1359,179,high,edge,1,12,123,stabilize_box
mid,29,4,4,1447,-114,mid,corner,3,36,164,stick_deadside
mid,78,5,13,2029,267,high,corner,3,100,78,stick_deadside
early,31,4,17,140,39,mid,edge,1,58,100,play_frontside
mid,46,5,20,1319,347,low,corner,3,17,26,play_frontside
early,56,4,53,1566,386,mid,center,2,79,165,take_height
mid,31,7,60,2501,-1,low,edge,3,86,14,look_for_refresh
mid,42,9,36,1082,31,high,corner,2,92,368,stabilize_box
late,41,8,47,929,-57,high,center,0,19,311,take_height
early,42,5,45,1053,28,mid,corner,0,78,34,stabilize_box
mid,42,5,48,1324,-77,high,center,1,3,58,play_frontside
late,34,4,54,48,-70,high,center,3,85,260,play_frontside
early,45,7,4,2110,179,high,center,0,76,356,stick_deadside
mid,73,9,13,715,-129,mid,center,1,57,69,stick_deadside
mid,47,8,34,1866,18,low,center,0,2,369,take_height
early,32,7,8,2300,-146,mid,corner,3,97,243,stick_deadside
mid,54,6,10,826,-128,mid,center,0,13,270,play_frontside
late,56,6,3,1925,183,mid,edge,1,86,139,play_frontside
mid,63,8,7,1393,351,high,center,1,11,53,play_frontside
mid,57,8,50,766,-85,mid,corner,1,67,400,play_frontside
mid,23,9,36,2746,288,mid,center,0,75,329,play_frontside
early,33,8,27,2806,-95,high,edge,2,69,194,play_frontside
mid,66,8,53,2313,369,mid,corner,2,56,119,look_for_refresh
early,56,3,13,2369,133,high,edge,3,15,388,drop_low
mid,27,6,44,1958,-20,mid,corner,1,87,23,play_frontside
mid,53,5,1,2208,332,low,edge,3,23,129,take_height
late,21,4,28,1258,-123,low,corner,1,39,233,stick_deadside
late,27,9,19,417,217,mid,edge,2,51,324,play_frontside
late,76,3,37,974,387,mid,center,3,46,389,play_frontside
early,44,6,44,634,-130,high,corner,3,28,91,look_for_refresh
mid,46,6,5,2997,-45,mid,edge,3,99,267,stick_deadside
mid,30,3,11,971,-98,low,corner,2,53,243,play_frontside
mid,78,8,46,1156,249,mid,corner,3,39,132,drop_low
mid,78,9,15,1327,-45,high,edge,2,28,133,play_frontside
late,36,8,45,2906,-79,mid,corner,3,68,67,take_height
mid,77,9,1,2406,65,high,center,0,88,33,stick_deadside
early,49,9,39,1730,31,low,edge,1,77,161,look_for_refresh
mid,70,6,4,953,-20,high,edge,0,77,123,take_height
mid,57,6,46,788,101,mid,corner,2,68,268,play_frontside
mid,76,6,19,1924,-64,high,corner,0,17,376,play_frontside
mid,75,3,11,699,7,mid,corner,0,7,277,play_frontside
late,75,8,47,2502,46,high,edge,0,10,15,play_frontside
early,29,5,59,1264,-142,low,corner,1,58,220,take_height
mid,53,3,15,2736,14,mid,center,3,58,256,look_for_refresh
mid,77,3,29,2923,-90,mid,edge,3,66,304,play_frontside
late,34,6,19,1566,13,high,edge,2,79,352,take_height
early,74,5,20,1830,386,low,corner,2,62,256,take_height
mid,41,4,5,593,370,high,center,1,69,21,take_height
mid,44,8,8,2751,221,mid,center,3,72,59,take_height
early,33,8,2,2840,133,high,center,1,75,300,look_for_refresh
late,44,8,19,851,82,low,corner,2,4,391,stick_deadside
mid,64,7,47,2146,214,mid,corner,3,44,69,stabilize_box
mid,72,4,32,631,353,mid,edge,3,90,360,stick_deadside
mid,36,6,36,1331,-36,mid,edge,3,41,146,stick_deadside
late,62,4,57,2834,319,low,edge,1,73,86,take_height
late,21,9,59,2866,-103,mid,corner,1,21,138,stick_deadside
mid,48,5,56,2093,259,mid,edge,3,20,50,look_for_refresh
late,40,5,16,82,241,mid,edge,2,12,77,take_height
mid,67,6,47,512,-60,high,center,3,51,350,stabilize_box
mid,21,5,57,1940,-54,mid,center,2,51,182,stick_deadside
late,80,6,40,305,80,low,corner,0,70,278,take_height
mid,71,6,48,1238,252,mid,edge,0,80,163,take_height
mid,51,3,14,1735,119,low,center,2,48,233,stick_deadside
early,27,8,18,1728,162,mid,corner,1,64,351,stick_deadside
late,55,4,12,2954,147,high,corner,3,72,302,take_height
mid,72,3,49,1913,303,mid,center,3,100,197,play_frontside
mid,46,6,22,2385,133,high,corner,2,12,370,take_height
late,79,7,43,968,0,mid,corner,1,34,32,take_height
late,46,7,23,1914,-128,mid,corner,0,1,200,play_frontside
early,76,6,23,1505,28,high,corner,2,77,308,drop_low
mid,61,7,26,1958,266,high,center,2,77,175,look_for_refresh
early,42,4,22,1185,100,high,edge,1,37,43,play_frontside
early,80,3,11,1403,16,low,edge,0,49,231,stick_deadside
late,31,4,10,2442,37,mid,corner,0,23,59,play_frontside
mid,25,9,7,1740,-103,mid,center,2,88,192,play_frontside
mid,62,5,23,2112,-111,mid,corner,2,99,228,stabilize_box
early,43,3,40,1640,158,mid,center,2,3,33,drop_low
early,56,8,9,721,149,low,corner,3,20,139,play_frontside
mid,76,9,23,2290,-106,high,corner,2,15,23,stabilize_box
late,44,9,10,1294,249,high,edge,0,45,208,take_height
early,39,3,32,988,-88,mid,center,0,69,321,take_height
mid,66,4,58,2362,-17,mid,center,1,60,116,stick_deadside
mid,64,3,28,1512,174,mid,edge,3,60,217,play_frontside
mid,56,8,49,1669,386,low,edge,2,93,247,stick_deadside
late,25,6,12,885,38,low,center,1,27,210,play_frontside
late,74,8,27,2136,-50,mid,center,0,21,381,play_frontside
late,40,4,4,86,63,high,edge,0,16,356,take_height
early,50,8,16,2872,273,high,corner,0,62,141,stick_deadside
late,52,7,35,1885,396,low,center,3,2,233,stick_deadside
late,67,9,19,2899,-75,mid,corner,1,17,104,play_frontside
early,36,4,3,169,14,low,center,2,73,38,take_height
mid,77,8,57,2610,257,high,corner,1,8,93,look_for_refresh
early,52,8,27,1224,-130,high,edge,2,8,61,take_height
early,68,7,53,1598,209,mid,edge,3,46,311,look_for_refresh
late,21,4,53,912,49,mid,center,0,75,180,play_frontside
early,72,6,15,140,107,mid,corner,3,99,288,play_frontside
early,59,5,52,153,189,high,center,2,81,128,play_frontside
mid,52,6,38,570,-65,mid,edge,1,69,209,stick_deadside
early,21,6,29,1842,-56,high,edge,0,63,90,look_for_refresh
late,64,8,29,2978,-63,high,corner,3,41,396,play_frontside
mid,33,9,19,2106,44,low,center,2,38,204,take_height
mid,22,5,31,1919,116,low,edge,0,79,250,take_height
mid,45,7,45,584,217,low,corner,3,29,248,play_frontside
early,77,6,25,1534,270,mid,center,3,5,123,stick_deadside
mid,43,5,2,318,28,mid,edge,3,10,204,drop_low
early,80,8,33,875,122,high,corner,3,56,235,look_for_refresh
early,31,5,9,2978,278,low,corner,1,79,212,stick_deadside
mid,70,4,36,19,212,low,corner,1,86,169,stick_deadside
early,28,9,58,2222,-42,mid,edge,2,25,191,play_frontside
mid,23,8,16,67,-102,low,center,0,93,89,look_for_refresh
early,24,3,43,2866,58,high,edge,2,44,163,drop_low
early,72,4,29,1993,115,mid,center,1,88,61,stick_deadside
mid,24,3,27,1396,385,mid,corner,0,48,276,take_height
mid,31,8,22,1315,-80,mid,corner,1,41,218,stabilize_box
late,64,6,12,1215,-132,high,edge,2,15,156,play_frontside
late,30,9,24,2634,83,mid,corner,1,83,367,stabilize_box
early,47,4,42,2847,170,mid,edge,0,63,202,stick_deadside
mid,46,6,17,2911,27,mid,center,0,57,57,take_height
mid,73,5,27,1521,-98,high,center,1,6,107,look_for_refresh
early,41,8,34,228,13,high,corner,0,59,188,drop_low
mid,22,8,60,1122,369,high,edge,1,52,181,stick_deadside
mid,40,4,1,2162,244,mid,corner,1,57,266,play_frontside
early,30,7,4,185,-129,mid,corner,0,37,81,stick_deadside
mid,47,5,57,1227,-91,low,edge,0,81,325,play_frontside
mid,48,7,47,1541,-133,low,center,3,21,129,play_frontside
early,36,7,17,18,376,mid,center,3,28,292,stick_deadside
early,29,3,47,1512,-40,mid,corner,1,100,242,stick_deadside
mid,34,7,43,1319,376,low,corner,0,9,96,drop_low
early,68,8,36,2038,-115,high,edge,2,90,395,take_height
mid,63,4,58,2696,37,mid,center,0,33,97,play_frontside
early,48,6,58,551,125,low,edge,2,36,129,stabilize_box
mid,23,7,43,278,275,mid,edge,0,76,83,stabilize_box
mid,58,3,54,2852,-132,high,corner,1,11,119,stick_deadside
mid,43,7,54,1837,133,low,corner,0,99,251,stabilize_box
early,64,6,48,2414,155,mid,edge,0,19,181,look_for_refresh
mid,43,9,57,1943,181,mid,edge,2,79,344,stick_deadside
late,33,9,33,2332,100,mid,edge,1,58,382,stabilize_box
mid,75,4,10,1207,286,low,edge,3,76,217,stick_deadside
early,45,9,34,2493,343,mid,corner,1,76,131,play_frontside
mid,30,7,24,2672,211,low,edge,1,16,123,take_height
early,22,5,28,733,216,mid,corner,1,27,119,stick_deadside
mid,30,6,55,1492,16,mid,edge,2,30,192,take_height
mid,66,7,45,773,-30,mid,corner,2,90,383,look_for_refresh
mid,65,9,0,2953,194,low,center,0,17,183,take_height
mid,69,9,60,2810,332,mid,center,2,26,233,play_frontside
early,25,9,36,716,318,mid,center,3,22,179,play_frontside
early,71,8,11,2548,-138,high,edge,1,9,80,stabilize_box
early,52,9,51,458,191,mid,edge,0,37,44,take_height
early,68,8,44,2571,303,mid,center,2,35,272,stick_deadside
early,36,6,37,1334,342,high,center,0,49,93,take_height
late,59,6,4,1147,152,high,corner,3,82,161,stabilize_box
mid,37,6,46,683,-130,mid,center,2,84,95,play_frontside
early,63,6,23,378,400,mid,edge,0,87,292,drop_low
early,66,8,20,1659,394,mid,corner,3,48,129,stabilize_box
early,23,9,0,972,-3,mid,edge,2,15,350,take_height
mid,55,3,23,1233,151,low,edge,1,69,90,stabilize_box
mid,67,3,19,2630,-90,low,corner,2,46,19,stick_deadside
mid,58,3,56,2572,280,mid,center,0,99,134,look_for_refresh
mid,68,6,15,120,-104,low,edge,1,98,206,look_for_refresh
early,76,9,11,2918,-48,low,corner,1,52,221,look_for_refresh
early,34,4,25,1543,358,low,corner,0,65,269,stick_deadside
early,68,5,5,2185,159,low,corner,0,30,166,stick_deadside
late,60,8,57,519,25,mid,edge,2,38,167,stick_deadside
late,45,3,18,816,340,mid,corner,1,88,193,play_frontside
mid,52,9,3,2568,53,high,corner,0,28,33,play_frontside
mid,47,6,51,2264,-74,mid,corner,2,67,378,take_height
early,49,3,4,2720,320,high,center,1,9,14,stick_deadside
early,71,5,42,1976,-96,mid,edge,2,94,360,stick_deadside
late,65,3,25,2224,258,high,corner,3,23,199,stabilize_box
early,47,9,39,779,142,mid,corner,0,55,2,play_frontside
early,64,8,30,341,211,mid,corner,1,4,88,stabilize_box
late,79,8,17,2863,111,high,edge,2,24,302,stick_deadside
early,59,6,8,485,105,mid,edge,3,83,200,take_height
early,53,3,33,711,154,mid,edge,0,94,147,drop_low
early,29,4,30,896,388,mid,corner,1,45,254,take_height
early,73,6,38,1864,328,mid,edge,2,65,26,stick_deadside
early,58,9,16,1427,23,mid,edge,2,29,54,stabilize_box
mid,68,4,48,1023,63,mid,edge,1,89,179,play_frontside
mid,34,7,46,1531,124,low,center,1,64,2,take_height
early,63,7,48,1000,-111,high,corner,0,99,261,stick_deadside
mid,71,7,57,638,236,high,center,3,15,269,take_height
mid,49,5,55,73,319,mid,center,3,55,208,stick_deadside
mid,47,3,35,75,168,mid,corner,0,60,288,stabilize_box
mid,58,3,36,2545,64,mid,corner,1,52,357,play_frontside
early,45,6,52,795,79,mid,edge,2,85,369,stick_deadside
mid,45,4,8,1242,204,high,edge,1,69,15,play_frontside
mid,63,4,35,1493,179,mid,center,1,50,230,stick_deadside
mid,20,6,42,2593,380,mid,corner,2,55,194,take_height
mid,41,7,6,1256,317,low,corner,0,24,395,drop_low
late,42,9,1,2523,36,high,center,3,82,18,stabilize_box
mid,44,4,1,2090,-94,mid,center,1,78,352,take_height
late,27,3,54,1342,362,high,center,2,70,22,stick_deadside
mid,53,5,20,2783,199,mid,corner,1,82,279,take_height
mid,80,4,40,1010,32,low,corner,2,92,193,take_height
early,71,3,11,861,-54,high,edge,1,97,28,stick_deadside
early,34,7,11,2794,81,high,edge,1,20,165,stabilize_box
mid,21,5,41,354,237,mid,edge,2,97,166,play_frontside
mid,31,7,3,802,66,low,center,3,29,146,play_frontside
mid,77,3,35,766,168,low,edge,3,24,7,stabilize_box
mid,37,7,57,171,400,high,center,0,96,308,play_frontside
mid,78,8,51,1511,319,low,edge,2,20,89,play_frontside
early,80,6,54,509,296,mid,edge,3,77,107,stick_deadside
mid,26,3,59,1587,359,low,center,0,7,225,play_frontside
mid,61,7,38,1724,-12,high,corner,2,17,313,look_for_refresh
mid,46,6,4,2002,243,mid,edge,0,63,349,stick_deadside
mid,21,9,54,1356,158,mid,edge,2,28,17,play_frontside
mid,54,6,25,759,61,high,edge,1,45,65,drop_low
early,65,7,55,2038,-20,mid,center,2,4,306,stick_deadside
late,78,7,31,1522,189,mid,edge,1,37,153,look_for_refresh
mid,67,6,56,275,76,mid,corner,1,53,352,look_for_refresh
early,74,3,48,749,269,mid,center,1,97,85,stick_deadside
late,32,3,13,2521,305,mid,corner,3,48,359,play_frontside
early,23,8,12,2497,73,high,center,3,65,380,play_frontside
early,47,7,23,2262,200,high,corner,0,85,174,play_frontside
mid,42,5,17,2110,146,high,center,0,50,31,stick_deadside
early,70,4,12,2322,220,low,edge,2,93,124,stick_deadside
early,37,7,46,2965,-129,mid,corner,2,61,8,stick_deadside
mid,40,6,53,1527,205,high,corner,0,34,398,stick_deadside
early,58,5,46,1262,49,low,center,2,55,366,stabilize_box
mid,80,5,55,2500,-118,mid,edge,1,90,338,look_for_refresh
early,33,8,31,1707,179,mid,corner,0,36,235,stick_deadside
late,32,9,39,734,37,high,corner,3,93,234,play_frontside
mid,67,4,23,1947,199,high,center,2,83,334,drop_low
early,69,9,48,221,169,mid,corner,0,93,252,play_frontside
mid,39,4,17,1455,20,high,center,0,83,335,take_height
mid,32,5,13,1732,-126,low,edge,1,74,17,stick_deadside
early,27,8,31,2571,338,high,corner,3,29,199,play_frontside
mid,23,3,25,106,381,mid,center,1,46,345,drop_low
early,25,8,4,2286,302,high,edge,3,57,231,play_frontside
late,43,6,1,1561,9,mid,corner,2,53,328,stick_deadside
late,79,7,31,566,-139,high,edge,0,39,114,play_frontside
early,69,5,1,874,155,high,corner,1,74,59,drop_low
mid,43,4,59,1433,23,low,edge,2,53,37,play_frontside
mid,68,4,40,483,281,mid,center,0,4,191,stabilize_box
mid,39,4,6,1789,51,mid,corner,0,54,127,stabilize_box
mid,32,5,14,199,132,high,center,0,73,198,stick_deadside
late,73,9,47,87,32,mid,edge,3,70,57,play_frontside
mid,53,4,38,2047,-116,high,edge,2,12,272,stabilize_box
mid,27,3,39,2806,17,mid,corner,1,83,94,play_frontside
mid,77,8,29,1653,257,mid,edge,0,59,316,stick_deadside
early,53,3,22,1208,390,mid,center,2,38,244,drop_low
early,66,8,26,809,-7,mid,corner,3,94,399,take_height
early,24,6,12,423,64,mid,edge,3,76,215,look_for_refresh
late,35,6,27,355,305,low,corner,1,89,231,stick_deadside
early,35,9,57,1969,109,low,center,0,99,160,stick_deadside
early,33,3,26,546,307,high,edge,1,80,12,play_frontside
early,46,5,29,664,159,high,corner,1,98,129,stick_deadside
mid,61,6,1,2827,47,mid,edge,2,87,161,drop_low
early,79,8,29,2726,128,high,edge,2,65,272,stick_deadside
late,61,6,2,2057,332,low,edge,1,93,301,play_frontside
late,50,5,54,2784,160,mid,edge,0,95,202,stick_deadside
early,33,6,21,29,-81,mid,center,1,18,149,stick_deadside
early,50,7,28,2658,-75,low,edge,2,57,9,stick_deadside
late,74,7,13,2572,200,mid,edge,3,60,234,play_frontside
early,33,3,44,1298,397,mid,corner,3,55,4,take_height
mid,43,7,14,1613,131,high,center,3,78,7,stick_deadside
mid,54,7,49,2844,-36,mid,center,0,1,268,play_frontside
mid,71,9,13,247,114,mid,center,1,16,288,stick_deadside
late,34,5,48,302,-46,mid,edge,2,7,254,play_frontside
mid,79,6,33,1880,51,mid,center,0,77,361,play_frontside
mid,39,3,47,855,167,low,center,1,16,59,stick_deadside
late,69,4,2,616,-69,low,center,3,11,290,take_height
mid,77,8,43,2136,-27,mid,corner,2,20,289,stick_deadside
early,47,4,16,2987,-133,high,center,3,30,108,take_height
early,57,9,47,336,197,mid,center,0,39,246,stick_deadside
late,46,5,34,2620,166,mid,edge,2,63,271,look_for_refresh
mid,20,3,48,2379,45,high,center,3,62,86,stick_deadside
late,31,7,32,1961,142,high,corner,3,41,347,stick_deadside
late,78,7,36,480,196,mid,center,3,76,376,stabilize_box
late,78,8,32,2033,364,high,center,0,42,324,stick_deadside
mid,58,9,47,895,260,mid,corner,3,98,78,stabilize_box
early,46,4,60,1401,256,mid,center,2,55,220,drop_low
late,55,9,22,327,44,mid,center,1,93,133,look_for_refresh
mid,50,7,54,345,-47,mid,center,3,7,123,stabilize_box
late,43,3,27,2558,162,low,center,3,79,17,drop_low
early,51,7,16,1045,199,high,center,0,3,26,play_frontside
late,39,4,11,874,316,low,center,2,6,221,look_for_refresh
early,42,7,57,675,342,low,corner,2,48,41,play_frontside
early,68,3,8,2739,-79,mid,edge,1,51,83,drop_low
early,22,8,8,448,342,mid,corner,3,13,192,stick_deadside
early,35,3,10,916,342,mid,center,2,21,66,drop_low
early,66,7,29,2483,168,high,corner,2,91,377,look_for_refresh
mid,21,8,17,1833,262,mid,corner,1,58,397,look_for_refresh
mid,56,6,47,494,67,low,center,3,76,161,stick_deadside
early,40,5,16,571,-43,high,corner,0,53,391,take_height
late,22,3,17,2840,127,mid,edge,0,78,87,stick_deadside
early,80,3,57,705,333,mid,corner,0,25,158,stabilize_box
early,80,4,46,1441,372,mid,center,2,82,146,stick_deadside
late,31,6,36,1851,-85,high,edge,1,52,308,stick_deadside
mid,47,4,13,103,357,mid,corner,3,25,343,stick_deadside
early,44,4,14,997,41,mid,center,0,6,1,look_for_refresh
late,78,4,0,667,116,mid,edge,2,55,121,play_frontside
early,80,6,7,2272,242,high,corner,3,66,327,play_frontside
early,35,9,10,1090,-21,high,center,2,83,32,take_height
early,31,4,46,349,333,mid,corner,3,51,139,stick_deadside
mid,40,7,27,2566,109,low,edge,0,26,279,take_height
mid,64,3,32,888,184,high,edge,2,57,146,take_height
mid,77,5,36,2047,225,mid,corner,3,36,275,stick_deadside
mid,41,8,9,2305,-57,high,center,1,77,330,play_frontside
mid,38,5,54,816,84,mid,edge,3,24,325,play_frontside
mid,31,6,48,2530,-79,low,corner,3,97,241,drop_low
mid,31,6,50,351,-101,high,corner,0,55,358,take_height
early,67,5,3,2326,277,mid,corner,3,98,273,drop_low
early,69,7,20,2775,136,mid,corner,1,69,191,take_height
mid,42,3,13,107,315,mid,center,2,87,214,play_frontside
early,79,7,15,2321,339,high,center,3,21,365,stick_deadside
mid,61,5,48,2404,190,low,corner,0,22,144,play_frontside
mid,54,8,8,161,-118,mid,corner,3,39,289,drop_low
mid,28,5,40,2800,297,mid,center,0,100,379,stick_deadside
early,40,3,40,2723,-134,high,corner,3,60,393,stick_deadside
mid,36,3,46,2933,315,mid,edge,1,83,306,play_frontside
mid,21,8,1,776,117,mid,edge,2,54,337,play_frontside
early,56,6,30,75,-93,mid,edge,2,96,340,look_for_refresh
early,80,8,32,251,-56,mid,center,2,96,309,stick_deadside
mid,30,6,47,2042,201,high,center,2,85,241,drop_low
late,40,7,53,1864,-25,mid,center,3,63,157,take_height
early,24,5,49,1131,162,high,center,1,2,263,look_for_refresh
late,53,9,36,250,112,mid,corner,3,37,16,take_height
mid,69,8,12,60,-149,low,center,2,83,313,stabilize_box
early,77,7,24,887,294,high,corner,0,25,370,play_frontside
late,56,6,1,2071,198,high,corner,2,55,228,play_frontside
mid,78,4,33,623,251,high,center,3,24,142,play_frontside
late,51,3,30,610,386,mid,center,3,92,25,stabilize_box
early,29,5,39,1170,-112,mid,center,3,43,115,play_frontside
mid,58,9,41,2462,-105,high,center,0,82,111,stick_deadside
early,32,5,52,2472,228,mid,corner,0,82,40,drop_low
mid,21,4,44,786,-16,low,corner,2,57,19,look_for_refresh
late,42,9,27,2094,56,high,center,1,85,359,play_frontside
mid,59,8,28,2230,-132,high,center,2,67,127,take_height
late,22,5,45,2504,-117,mid,corner,1,16,330,stick_deadside
early,40,9,29,2619,-43,mid,corner,2,60,281,stick_deadside
mid,29,5,58,1874,281,high,edge,3,59,253,play_frontside
late,22,9,48,1632,395,high,center,3,14,75,play_frontside
mid,34,4,32,1817,-71,mid,edge,1,85,364,look_for_refresh
mid,29,6,60,573,358,high,edge,2,99,302,look_for_refresh
mid,66,3,17,422,263,high,center,3,27,381,stabilize_box
mid,28,6,8,589,144,mid,corner,0,6,133,drop_low
early,72,4,45,179,62,mid,edge,3,70,317,play_frontside
early,35,7,60,2558,235,mid,corner,1,88,128,stick_deadside
mid,43,9,53,2337,147,mid,edge,1,33,318,stick_deadside
late,39,9,35,1942,224,high,center,3,2,28,play_frontside
mid,49,9,50,1183,-44,mid,corner,1,26,375,stick_deadside
late,32,3,38,1990,-95,low,corner,0,45,78,stick_deadside
late,20,8,34,1093,309,mid,center,2,27,159,take_height
mid,23,7,27,2180,-110,low,edge,0,74,171,play_frontside
mid,79,5,55,1154,310,high,corner,0,95,273,take_height
late,26,9,28,1159,-137,mid,center,0,31,164,stick_deadside
mid,75,9,8,294,400,high,edge,2,8,66,take_height
mid,69,3,12,2945,72,mid,center,0,86,254,stick_deadside
mid,55,7,12,2257,311,mid,edge,1,38,93,stick_deadside
mid,40,8,37,1842,349,high,corner,3,11,95,stabilize_box
late,49,9,34,1670,107,low,center,0,11,104,take_height
late,58,7,51,2077,348,mid,center,3,91,164,play_frontside
mid,46,7,26,2665,-76,mid,corner,2,97,184,play_frontside
mid,68,5,30,2655,398,low,center,2,78,283,take_height
early,45,9,57,1536,73,high,center,3,14,358,look_for_refresh
late,38,3,58,2958,245,high,center,0,84,169,take_height
late,33,6,54,1332,239,mid,edge,0,12,318,stick_deadside
early,74,5,12,870,-41,mid,edge,0,69,176,stabilize_box
early,71,9,19,691,223,low,corner,0,47,208,stabilize_box
early,59,9,37,2209,104,low,edge,1,42,103,stick_deadside
early,61,3,27,1270,79,mid,corner,3,38,97,look_for_refresh
mid,77,7,40,1265,77,mid,edge,0,63,306,play_frontside
early,50,4,38,2580,48,mid,center,3,32,350,stabilize_box
early,26,4,57,979,330,high,center,2,57,361,stick_deadside
mid,52,5,41,441,269,mid,edge,3,6,7,play_frontside
mid,28,6,39,2363,133,low,corner,2,34,247,drop_low
mid,21,9,9,195,32,mid,corner,2,7,207,take_height
mid,77,6,36,1850,311,low,edge,0,51,70,stabilize_box
mid,79,3,0,2337,-19,high,corner,3,67,262,take_height
early,55,4,1,1224,245,mid,center,3,77,349,stick_deadside
late,26,7,0,2344,-100,mid,edge,1,66,87,play_frontside
late,24,6,55,2404,179,mid,corner,2,63,127,stabilize_box
late,41,6,26,2023,309,mid,edge,0,66,59,take_height
mid,53,4,33,36,299,low,center,3,13,338,stick_deadside
mid,35,7,14,2984,243,high,edge,0,72,247,stick_deadside
mid,33,9,58,741,167,mid,edge,3,16,340,play_frontside
early,79,3,24,1655,213,mid,center,2,3,135,drop_low
late,28,3,51,806,-121,low,corner,1,19,347,play_frontside
mid,25,8,35,1844,186,high,center,1,27,277,stick_deadside
early,64,3,35,366,127,mid,corner,2,41,66,play_frontside
mid,67,3,29,2084,226,mid,corner,0,64,1,stick_deadside
early,74,9,2,965,53,mid,center,1,39,220,play_frontside
mid,70,9,52,1938,394,low,center,3,72,356,stick_deadside
early,56,4,3,1390,137,low,center,0,29,350,look_for_refresh
mid,74,8,45,536,-71,high,center,3,62,263,play_frontside
mid,60,3,4,1493,-125,mid,center,0,21,107,stick_deadside
early,21,9,35,636,-8,high,corner,0,13,347,drop_low
early,75,4,10,447,-56,low,corner,3,11,224,play_frontside
late,78,9,23,2522,14,mid,center,1,66,179,look_for_refresh
mid,56,6,2,86,179,mid,edge,1,14,204,stick_deadside
mid,63,4,33,177,218,mid,center,3,89,169,stabilize_box
early,61,5,47,2349,62,low,corner,1,40,371,play_frontside
mid,61,9,6,2113,16,mid,edge,1,59,276,play_frontside
late,80,5,10,2847,160,low,edge,0,6,190,stick_deadside
mid,38,6,50,1865,-63,low,edge,3,90,126,stick_deadside
late,62,7,49,1049,193,low,edge,3,21,233,play_frontside
mid,63,8,11,564,381,low,corner,3,12,200,drop_low
mid,36,5,23,1407,-146,high,center,2,70,172,take_height
early,20,9,58,634,185,mid,edge,1,32,247,play_frontside
mid,23,4,18,1503,282,mid,center,3,27,349,take_height
mid,78,8,7,350,129,low,corner,2,95,93,stick_deadside
mid,79,6,4,2801,109,low,edge,2,94,115,stick_deadside
early,56,7,0,1632,110,mid,corner,2,95,102,play_frontside
early,49,5,58,1521,160,mid,corner,1,13,76,look_for_refresh
mid,65,8,30,2058,-143,high,corner,2,28,383,play_frontside
early,49,7,0,2553,266,mid,edge,2,30,279,stick_deadside
early,77,3,19,1279,196,mid,edge,3,33,169,drop_low
early,48,3,55,269,126,high,corner,2,77,4,stabilize_box
late,65,3,25,1683,53,mid,center,2,7,375,play_frontside
mid,40,5,19,1056,-30,mid,center,3,65,44,drop_low
mid,22,7,52,2645,104,low,edge,0,25,18,drop_low
early,69,9,50,719,-110,low,center,3,59,48,play_frontside
mid,44,8,31,2832,243,mid,edge,2,44,272,take_height
early,22,5,59,2877,-22,high,edge,1,34,393,play_frontside
mid,30,7,45,1858,93,high,edge,3,9,213,stick_deadside
early,58,4,57,1878,251,high,center,0,99,120,stick_deadside
mid,65,9,24,1090,109,mid,edge,0,76,277,stick_deadside
early,67,9,46,2491,-99,high,edge,3,85,360,stick_deadside
early,56,4,47,1252,252,high,edge,0,86,30,play_frontside
mid,77,5,29,2235,22,mid,corner,0,45,198,stick_deadside
mid,40,7,59,1032,211,low,edge,0,13,7,drop_low
mid,64,4,23,2777,79,low,center,0,2,175,stick_deadside
mid,67,7,60,1496,-149,mid,center,3,99,258,take_height
early,33,4,18,2450,40,low,center,0,65,1,play_frontside
early,58,7,18,2021,118,high,edge,3,2,132,play_frontside
mid,61,5,21,560,-19,mid,edge,3,17,67,play_frontside
mid,50,8,22,911,374,mid,center,3,63,338,look_for_refresh
mid,59,9,20,885,210,mid,corner,0,40,392,stick_deadside
mid,46,5,46,1191,221,mid,center,2,82,261,stick_deadside
mid,36,8,44,1681,-7,mid,corner,1,62,154,look_for_refresh
mid,43,8,31,1147,186,high,center,0,98,7,look_for_refresh
late,54,6,29,282,-104,mid,corner,1,48,177,stick_deadside
mid,78,4,16,1994,331,high,center,3,61,300,play_frontside
mid,74,3,37,2923,319,mid,edge,2,24,111,stick_deadside
mid,38,6,58,1022,323,low,center,0,75,321,stick_deadside
mid,53,3,40,1040,-89,mid,center,1,30,95,look_for_refresh
late,22,4,0,2687,129,mid,corner,1,92,180,play_frontside
mid,74,5,21,2215,151,high,center,3,1,152,take_height
late,37,9,19,942,-67,mid,corner,2,14,10,drop_low
mid,50,3,25,1766,21,mid,corner,1,94,349,stick_deadside
late,34,5,41,2933,41,high,corner,3,53,50,stick_deadside
mid,66,6,51,2878,248,high,corner,0,33,284,stick_deadside
mid,45,6,14,1374,137,mid,edge,3,50,251,stabilize_box
early,60,9,40,413,-97,high,corner,2,54,40,drop_low
mid,64,5,59,1041,303,mid,edge,0,72,43,play_frontside
late,77,7,9,2178,319,high,corner,2,61,238,play_frontside
late,36,4,59,1735,161,mid,center,2,1,65,play_frontside
mid,32,7,50,2358,124,high,corner,1,48,126,look_for_refresh
early,37,6,59,2205,54,mid,corner,2,4,306,take_height
mid,31,4,54,2195,-128,mid,edge,0,89,327,stick_deadside
mid,41,7,22,2453,224,high,edge,0,72,152,stabilize_box
late,56,3,56,249,-93,low,center,0,12,236,stick_deadside
early,64,7,40,1403,-2,high,corner,0,11,94,stick_deadside
mid,30,5,39,36,111,mid,corner,2,93,8,take_height
mid,67,3,8,1863,322,low,center,1,8,131,stick_deadside
mid,32,9,13,898,-5,mid,edge,3,44,97,stabilize_box
mid,74,5,48,1660,36,high,corner,1,75,67,play_frontside
mid,55,3,12,475,346,mid,center,0,95,147,stick_deadside
mid,44,6,7,2418,11,mid,edge,3,97,56,drop_low
early,75,4,18,2201,-30,high,center,3,97,221,stick_deadside
early,38,8,29,1450,289,high,center,0,70,162,take_height
early,20,3,51,2746,234,high,corner,2,71,309,stick_deadside
mid,33,6,27,836,270,high,edge,2,21,300,stabilize_box
late,21,8,26,1758,206,high,corner,1,31,263,stick_deadside
early,24,6,6,1775,297,mid,edge,1,56,382,stick_deadside
mid,68,4,43,2935,378,high,edge,1,74,312,take_height
early,26,9,41,1749,-127,high,corner,3,14,62,stabilize_box
mid,46,4,43,2104,-22,mid,center,1,100,383,take_height
mid,50,3,25,2969,244,mid,center,0,61,382,stick_deadside
mid,60,6,2,2893,161,mid,edge,1,93,124,stick_deadside
late,35,6,4,1650,236,mid,corner,3,89,235,play_frontside
late,76,4,49,1226,227,high,center,3,51,4,stick_deadside
mid,43,5,59,1306,339,low,edge,2,19,199,stabilize_box
late,65,9,51,509,69,mid,edge,3,17,105,stick_deadside
early,52,4,49,895,304,mid,corner,1,3,49,take_height
early,53,5,19,2962,291,high,corner,2,93,218,drop_low
late,25,5,28,1549,293,mid,center,2,100,30,look_for_refresh
mid,73,7,44,461,319,mid,edge,3,69,230,stick_deadside
mid,22,5,18,1030,278,mid,edge,3,76,268,stick_deadside
mid,53,8,24,503,-19,low,edge,3,83,238,drop_low
mid,30,8,12,2494,219,low,corner,1,97,151,look_for_refresh
mid,40,4,14,846,100,mid,center,1,36,185,look_for_refresh
mid,58,3,23,413,11,high,center,1,43,232,play_frontside
mid,79,6,57,593,262,low,corner,2,54,340,stabilize_box
mid,61,9,11,1951,318,low,corner,3,31,345,stick_deadside
mid,43,4,56,857,296,mid,center,3,92,364,play_frontside
mid,66,3,49,1616,164,mid,center,1,72,109,look_for_refresh
late,21,5,56,2801,32,mid,center,2,53,7,stick_deadside
mid,74,7,48,1883,171,high,center,2,4,177,look_for_refresh
early,55,4,8,2920,32,mid,center,3,26,84,play_frontside
mid,49,8,20,980,-16,high,corner,3,45,120,play_frontside
mid,79,6,59,2980,-57,high,corner,0,88,7,play_frontside
late,78,5,56,2282,41,high,center,2,6,72,look_for_refresh
mid,46,7,56,926,385,mid,center,1,7,258,play_frontside
mid,26,7,42,710,162,mid,edge,0,8,82,stabilize_box
early,20,5,15,1947,100,mid,corner,0,38,240,look_for_refresh
early,59,4,19,2728,125,high,corner,3,71,268,drop_low
mid,42,5,39,295,239,mid,edge,2,49,30,play_frontside
mid,26,9,44,331,-112,mid,center,3,30,392,play_frontside
early,36,5,27,960,-91,low,corner,0,32,242,take_height
mid,80,8,37,1196,-136,mid,edge,2,23,315,play_frontside
mid,47,4,12,2057,-40,mid,corner,0,30,304,drop_low
mid,39,3,37,587,244,mid,corner,0,25,359,play_frontside
mid,50,9,8,850,152,mid,edge,2,85,260,play_frontside
mid,51,5,59,2696,216,mid,center,2,99,343,take_height
mid,80,4,28,1231,-43,low,center,2,45,72,play_frontside
mid,57,8,27,2356,372,high,corner,2,27,100,drop_low
mid,22,5,17,2842,309,mid,corner,1,28,340,stick_deadside
early,76,8,43,458,239,mid,center,3,63,378,stick_deadside
early,36,9,58,27,-16,mid,corner,1,92,313,play_frontside
mid,62,5,18,349,73,mid,corner,1,67,312,stick_deadside
early,39,6,44,883,-136,mid,center,2,70,45,stick_deadside
early,50,6,50,296,396,high,edge,0,79,287,stabilize_box
mid,28,9,46,2265,178,mid,edge,3,44,71,play_frontside
mid,79,5,22,1130,245,high,edge,0,24,381,stick_deadside
early,80,6,20,2028,375,high,edge,3,10,45,drop_low
late,42,5,32,1675,282,high,edge,3,53,174,take_height
late,51,8,23,2138,381,low,center,1,97,387,stick_deadside
late,43,9,4,541,390,mid,corner,2,1,277,take_height
mid,28,9,35,2339,203,high,edge,0,77,33,play_frontside
late,49,4,31,1694,235,mid,edge,2,28,339,stick_deadside
mid,40,5,19,2938,60,mid,edge,2,99,365,take_height
early,71,8,33,535,4,mid,edge,3,29,51,stabilize_box
early,42,8,16,1853,25,mid,edge,3,30,388,take_height
late,47,5,10,1520,204,high,edge,3,24,86,stick_deadside
mid,65,4,53,643,-70,mid,corner,2,13,168,play_frontside
mid,25,3,2,1506,289,high,corner,3,14,108,play_frontside
early,80,5,46,2394,61,mid,edge,0,81,284,stabilize_box
mid,39,5,40,1377,-125,low,edge,0,81,360,play_frontside
mid,34,7,35,938,-112,mid,edge,1,98,255,stabilize_box
late,69,4,44,471,-16,mid,edge,1,58,138,take_height
mid,76,9,45,1257,378,low,edge,2,19,211,stick_deadside
mid,71,3,49,2089,399,mid,center,1,99,319,play_frontside
mid,74,5,19,2717,-110,low,edge,1,41,238,look_for_refresh
late,46,5,51,458,125,high,center,0,42,327,take_height
early,54,8,44,2558,271,high,center,0,73,259,stick_deadside
early,40,4,0,1545,180,mid,center,3,99,250,play_frontside
mid,78,9,12,2294,199,mid,center,1,63,199,stabilize_box
mid,59,3,11,311,-72,high,center,3,35,112,stick_deadside
late,71,3,39,2651,180,mid,center,1,38,30,stabilize_box
early,31,7,3,326,-52,mid,corner,0,88,186,stick_deadside
late,41,4,11,1282,-65,mid,edge,1,48,239,play_frontside
early,24,5,28,2386,251,high,center,0,37,82,play_frontside
mid,20,6,43,878,278,mid,center,3,73,133,stick_deadside
mid,60,4,51,1228,-26,high,corner,3,74,40,take_height
early,68,7,15,1586,-99,high,center,0,58,62,stick_deadside
mid,47,3,31,310,124,high,corner,1,98,149,stabilize_box
early,22,7,47,2816,-105,high,corner,1,2,69,play_frontside
mid,51,5,22,519,-111,mid,corner,3,81,183,look_for_refresh
early,80,5,1,1158,-104,high,corner,0,43,120,play_frontside
late,69,3,5,2439,42,mid,edge,1,76,94,stick_deadside
mid,57,3,21,1197,66,low,edge,0,48,303,stick_deadside
early,31,5,29,128,375,mid,center,2,66,263,stabilize_box
early,73,8,54,1089,248,high,edge,3,74,313,play_frontside
mid,25,6,49,1629,-44,low,edge,3,56,188,play_frontside
early,55,3,27,1466,57,mid,edge,3,72,371,play_frontside
mid,73,4,22,1547,160,high,corner,3,82,121,stick_deadside
late,40,7,1,1438,308,mid,center,3,18,30,drop_low
early,70,7,33,946,41,mid,edge,0,11,221,play_frontside
mid,45,4,16,964,148,high,corner,0,6,346,look_for_refresh
mid,22,3,24,342,-29,low,edge,3,22,116,take_height
early,65,6,10,1286,44,mid,center,0,31,17,look_for_refresh
mid,73,6,24,1709,207,mid,center,0,37,27,look_for_refresh
early,21,4,52,526,-133,mid,edge,0,14,384,drop_low
mid,62,5,38,1559,17,mid,center,1,40,86,take_height
early,28,3,57,1568,-9,mid,center,0,50,186,stabilize_box
early,57,3,38,559,126,mid,corner,0,11,83,stabilize_box
early,60,5,18,861,126,low,center,1,88,239,take_height
late,69,5,1,630,268,high,edge,1,51,316,stabilize_box
mid,71,9,42,2657,269,high,corner,0,26,320,stabilize_box
mid,36,5,51,2846,-14,high,corner,2,19,118,stick_deadside
early,40,7,55,63,-149,mid,edge,1,56,122,play_frontside
early,40,4,30,1982,-68,mid,corner,3,25,106,stabilize_box
late,62,6,0,1783,267,mid,edge,1,36,93,stick_deadside
early,60,7,58,2944,-87,mid,edge,3,32,106,play_frontside
early,79,6,39,544,-97,low,edge,0,21,398,play_frontside
mid,70,9,49,610,60,mid,edge,2,31,213,play_frontside
mid,72,3,10,870,360,mid,center,0,9,287,stick_deadside
early,54,8,25,2808,-30,mid,edge,3,98,42,play_frontside
mid,53,3,12,986,58,high,center,0,43,58,play_frontside
early,78,3,28,392,-42,mid,corner,1,50,255,take_height
mid,75,8,47,1651,251,mid,center,1,92,326,play_frontside
early,22,7,23,1916,334,low,corner,2,88,231,stick_deadside
early,39,9,46,1333,-60,mid,corner,2,17,352,stick_deadside
mid,68,3,49,616,-96,mid,edge,2,17,227,stabilize_box
mid,72,8,38,2934,191,low,edge,0,96,221,stabilize_box
mid,41,6,12,650,-4,high,center,0,65,328,drop_low
early,43,9,18,313,177,low,center,1,2,258,look_for_refresh
mid,62,6,29,237,217,high,edge,1,80,300,play_frontside
mid,68,9,58,170,83,low,corner,2,52,32,take_height
mid,48,5,47,1952,131,mid,corner,1,27,247,play_frontside
mid,31,9,53,1948,355,low,corner,3,69,79,stick_deadside
mid,54,3,54,2050,46,mid,corner,3,33,359,play_frontside
mid,42,9,37,2871,-50,high,edge,0,42,8,stick_deadside
early,33,6,36,1972,152,high,center,0,58,237,take_height
mid,76,3,24,2298,0,low,center,3,33,310,stick_deadside
early,50,4,56,2393,345,low,edge,2,82,109,play_frontside
early,75,7,34,960,227,mid,edge,0,17,40,drop_low
mid,73,9,45,375,154,high,corner,0,74,356,stick_deadside
early,58,4,54,2190,335,high,center,0,74,290,stick_deadside
mid,43,5,17,899,221,mid,edge,0,40,223,stick_deadside
mid,59,4,16,587,140,low,corner,3,12,380,drop_low
mid,70,3,42,469,349,high,corner,0,61,12,look_for_refresh
mid,53,6,44,1623,-137,high,center,0,21,115,stick_deadside
mid,58,7,13,1696,-22,mid,center,1,84,236,drop_low
late,35,5,14,2838,52,high,edge,2,45,296,stabilize_box
mid,20,5,12,1498,173,mid,center,1,78,267,play_frontside
mid,41,7,41,1884,142,high,center,3,29,161,drop_low
late,33,9,3,2638,37,mid,edge,0,45,235,look_for_refresh
mid,54,6,2,1662,5,high,edge,2,13,259,play_frontside
late,33,5,44,2792,58,low,center,2,87,151,take_height
late,74,6,19,2004,-66,mid,corner,2,60,321,take_height
early,69,8,50,2043,360,high,center,1,35,117,play_frontside
early,73,5,9,1454,19,mid,corner,3,1,1,stick_deadside
late,78,6,24,957,346,mid,center,0,58,132,play_frontside
mid,22,3,3,957,347,mid,corner,2,92,63,stick_deadside
early,25,5,19,1259,303,mid,edge,1,4,179,play_frontside
mid,78,4,22,1240,179,mid,center,1,20,328,drop_low
mid,64,8,3,2298,338,low,corner,1,59,246,play_frontside
mid,74,5,8,1257,-70,high,corner,2,40,277,take_height
late,30,6,56,1514,-32,low,center,1,27,43,play_frontside
mid,56,8,40,1991,381,high,edge,2,42,391,drop_low
early,46,7,47,2162,56,high,center,3,48,247,take_height
mid,48,7,37,2201,206,low,center,2,62,207,stick_deadside
mid,30,6,28,1389,16,low,edge,2,75,279,stick_deadside
early,21,3,57,2226,-80,mid,center,0,95,92,drop_low
early,79,8,60,771,83,mid,center,0,91,111,drop_low
mid,31,4,24,1960,128,mid,center,1,83,220,take_height
early,76,5,34,956,96,low,corner,3,52,301,stick_deadside
late,43,9,13,2171,366,mid,center,3,40,107,stick_deadside
early,78,5,33,829,-8,high,center,3,46,207,stabilize_box
late,43,6,45,2480,147,high,edge,3,18,90,look_for_refresh
mid,52,9,44,745,-37,high,corner,1,100,336,play_frontside
late,37,9,11,1609,266,mid,center,0,32,176,play_frontside
mid,59,5,47,1216,259,mid,center,2,29,16,stick_deadside
early,40,8,25,2447,300,high,corner,0,70,88,stick_deadside
early,41,6,14,781,-3,mid,edge,1,95,48,stick_deadside
mid,38,6,1,1714,174,mid,edge,0,51,179,drop_low
mid,21,8,6,2510,354,mid,corner,2,45,31,stabilize_box
mid,36,6,25,2147,253,mid,edge,3,33,215,stick_deadside
mid,59,9,20,2657,85,low,edge,0,29,132,stick_deadside
mid,70,9,3,1731,254,high,center,2,14,20,take_height
early,74,7,59,2395,-35,mid,center,2,29,166,stabilize_box
mid,23,5,60,2900,186,mid,edge,1,52,115,stabilize_box
mid,29,7,49,2630,60,low,corner,2,20,177,stick_deadside
mid,62,8,27,2747,22,mid,edge,2,60,375,drop_low
mid,33,9,60,177,353,mid,corner,1,15,381,stick_deadside
early,33,6,35,1062,57,high,edge,2,10,208,take_height
late,45,6,25,1330,258,high,edge,3,15,187,take_height
mid,30,9,28,94,385,mid,center,1,58,318,drop_low
mid,44,9,21,2831,-38,low,corner,2,31,91,take_height
mid,50,6,14,1116,313,low,center,1,2,43,take_height
early,50,5,21,1933,275,mid,center,2,70,256,play_frontside
mid,50,9,39,2872,131,high,edge,2,35,143,stabilize_box
mid,62,9,37,1741,138,high,center,3,27,144,stick_deadside
early,55,7,20,1456,129,low,corner,3,27,94,stick_deadside
early,77,8,30,798,172,high,edge,2,90,2,drop_low
early,44,9,6,1255,263,mid,edge,3,96,80,play_frontside
mid,50,5,44,707,305,low,edge,3,88,105,play_frontside
late,42,4,2,2635,366,low,center,0,17,331,play_frontside
late,61,4,31,171,24,high,center,1,63,116,stabilize_box
early,33,4,3,947,227,mid,corner,1,49,34,play_frontside
mid,69,8,53,2142,179,mid,center,2,51,257,stabilize_box
mid,36,9,27,1131,47,high,edge,3,64,358,play_frontside
mid,25,8,8,64,239,mid,center,0,68,331,look_for_refresh
early,24,4,5,1077,327,mid,corner,0,91,91,stick_deadside
early,38,9,3,740,150,high,center,3,9,91,play_frontside
mid,57,9,60,179,269,high,edge,3,56,121,play_frontside
early,62,6,39,554,120,high,edge,0,8,252,stick_deadside
early,31,7,44,2293,278,mid,corner,2,23,394,drop_low
late,54,8,29,1784,-144,mid,edge,1,48,71,look_for_refresh
late,34,3,20,1858,-3,high,edge,1,39,394,play_frontside
mid,75,3,52,2548,179,mid,center,0,43,288,stick_deadside
early,55,4,39,2912,-84,mid,center,1,71,394,stick_deadside
late,41,7,45,1552,389,mid,corner,1,45,318,stick_deadside
mid,32,9,40,1512,150,low,edge,3,60,63,play_frontside
early,65,8,59,399,141,high,edge,3,13,84,play_frontside
mid,33,9,51,1378,-123,high,corner,2,4,140,stabilize_box
early,25,5,47,1169,399,mid,edge,2,70,342,play_frontside
early,30,5,7,2375,336,mid,edge,2,6,88,look_for_refresh
mid,49,4,31,1259,37,high,center,2,94,238,drop_low
late,74,8,13,1995,302,mid,center,2,90,29,stick_deadside
early,22,4,7,2175,-98,mid,center,3,100,286,take_height
early,28,5,34,1273,-68,high,edge,2,11,225,look_for_refresh
early,34,3,19,2959,357,mid,center,2,92,116,drop_low
early,26,3,58,1823,-122,low,center,1,16,373,stick_deadside
early,23,6,1,1608,356,mid,center,1,22,14,stabilize_box
early,51,3,4,1337,395,mid,corner,2,59,200,stick_deadside
mid,31,5,59,2340,3,mid,corner,3,55,219,look_for_refresh
mid,44,4,15,1914,39,high,center,3,33,141,stick_deadside
mid,51,5,47,453,69,mid,center,1,100,93,stabilize_box
mid,34,8,5,23,-81,high,corner,1,94,196,drop_low
mid,49,5,58,772,208,mid,corner,3,60,73,play_frontside
late,46,9,11,2856,-135,high,center,0,12,37,stick_deadside
mid,69,6,21,1368,-59,mid,corner,3,9,4,take_height
late,27,3,13,241,187,mid,corner,1,52,252,take_height
late,46,8,46,2317,-68,mid,corner,1,45,253,take_height
mid,34,3,11,2342,379,high,center,0,89,348,stick_deadside
early,25,5,1,1080,255,mid,edge,3,5,349,look_for_refresh
mid,68,9,51,848,281,high,edge,0,14,8,take_height
mid,78,6,45,2558,-117,mid,edge,1,71,327,stick_deadside
early,70,5,17,2808,254,mid,edge,0,11,187,take_height
late,52,8,25,487,336,mid,edge,2,50,3,stick_deadside
early,40,8,29,1265,400,mid,corner,3,55,62,stick_deadside
early,72,7,14,2335,212,high,corner,2,94,255,take_height
early,43,7,36,2642,207,mid,corner,3,76,154,stabilize_box
mid,42,3,9,2844,98,high,center,3,56,42,look_for_refresh
early,59,5,58,1962,131,high,center,2,39,165,stick_deadside
early,33,3,15,2944,319,low,center,2,25,84,take_height
late,58,9,45,883,265,low,corner,1,84,112,stabilize_box
early,43,7,58,728,339,mid,edge,0,28,172,stick_deadside
mid,60,7,33,987,69,low,edge,3,61,78,drop_low
early,50,5,24,305,262,high,corner,2,1,147,stick_deadside
mid,79,6,9,2329,145,high,edge,1,81,158,stick_deadside
mid,62,3,48,1484,-100,low,center,1,26,247,play_frontside
mid,22,5,11,2532,197,mid,center,2,65,240,take_height
mid,66,7,21,1096,167,high,corner,0,95,166,stick_deadside
early,40,3,40,2804,359,low,corner,1,93,249,play_frontside
mid,39,9,50,1483,-39,mid,center,3,52,243,take_height
early,47,9,26,2995,98,high,center,3,25,327,look_for_refresh
early,56,8,41,2291,33,high,corner,0,27,360,stabilize_box
late,24,8,8,472,144,mid,center,0,27,39,stick_deadside
early,35,4,33,196,299,mid,edge,0,3,182,stick_deadside
early,46,9,1,413,233,mid,corner,1,6,201,play_frontside
mid,42,3,41,860,-58,mid,corner,2,69,329,stabilize_box
mid,51,6,49,2702,123,mid,corner,3,10,21,take_height
early,49,5,34,1316,221,low,corner,3,34,18,play_frontside
early,25,5,51,2042,-56,mid,edge,3,38,138,take_height
early,26,8,29,2620,-31,mid,corner,0,15,41,stabilize_box
mid,34,6,2,1171,-45,low,edge,0,16,397,play_frontside
early,73,3,53,2201,-46,mid,edge,1,51,141,look_for_refresh
early,37,3,5,673,374,high,center,0,36,67,drop_low
early,60,7,42,1410,156,mid,edge,0,26,314,look_for_refresh
late,65,3,10,728,130,high,center,0,19,120,stabilize_box
late,34,4,52,2496,-120,high,corner,1,11,46,stick_deadside
late,22,6,17,1486,-21,mid,center,1,76,219,play_frontside
late,73,7,9,2175,-73,mid,edge,3,35,206,stick_deadside
early,70,5,28,287,229,mid,corner,3,27,148,take_height
late,26,6,19,1728,-76,mid,corner,3,46,128,play_frontside
mid,62,5,6,1725,336,mid,corner,3,84,333,stabilize_box
late,53,8,23,859,352,low,edge,1,49,115,stick_deadside
late,50,6,58,948,53,mid,edge,2,77,253,stabilize_box
mid,20,5,56,1746,393,high,corner,0,25,48,take_height
late,25,8,49,5,192,mid,corner,0,17,251,look_for_refresh
mid,49,8,24,860,227,high,center,1,48,155,play_frontside
mid,22,5,10,2764,92,high,corner,0,23,46,take_height
late,33,7,15,2475,42,mid,corner,3,91,194,take_height
mid,70,3,38,1983,329,high,corner,1,68,379,drop_low
early,24,9,54,1867,179,mid,edge,0,49,255,stabilize_box
early,72,9,0,873,-34,high,edge,3,5,15,play_frontside
mid,62,3,9,2757,-129,mid,center,2,61,249,stick_deadside
mid,75,6,42,909,254,mid,center,0,88,137,look_for_refresh
mid,42,7,9,2033,83,mid,center,0,98,80,stick_deadside
mid,75,3,10,533,-67,mid,edge,1,18,32,take_height
early,46,5,7,2601,243,high,edge,3,75,68,drop_low
mid,23,6,26,1289,133,high,center,1,28,136,stick_deadside
late,24,3,43,1261,361,low,corner,3,5,160,stick_deadside
mid,31,4,18,859,86,mid,center,0,91,14,look_for_refresh
late,34,3,31,340,31,low,center,2,50,49,look_for_refresh
late,52,5,51,1412,182,low,edge,0,10,199,play_frontside
early,45,7,10,1667,369,low,center,2,82,326,stick_deadside
mid,26,6,25,1527,-106,high,center,3,37,15,stick_deadside
early,43,5,60,1428,-149,high,center,2,95,213,drop_low
mid,39,5,58,120,-90,mid,center,0,83,317,look_for_refresh
early,60,8,35,2259,111,mid,center,3,10,214,look_for_refresh
mid,79,4,33,2882,281,low,center,1,45,175,play_frontside
early,44,5,18,2553,64,mid,corner,3,61,203,stick_deadside
mid,39,4,4,93,73,high,edge,2,73,392,stick_deadside
mid,77,8,15,2527,-80,low,corner,1,42,169,play_frontside
mid,36,8,2,635,64,low,center,1,68,314,drop_low
mid,46,5,52,1149,193,mid,corner,3,73,260,drop_low
early,55,8,23,395,212,mid,center,1,100,201,look_for_refresh
mid,54,3,30,1933,45,high,corner,0,42,89,stick_deadside
mid,67,6,39,878,358,low,center,2,92,393,play_frontside
mid,28,7,57,2353,-16,mid,edge,0,35,357,stick_deadside
mid,48,4,2,2141,216,mid,center,3,99,62,stick_deadside
mid,36,7,52,630,-112,low,center,0,86,380,take_height
late,73,6,48,2045,156,mid,center,1,27,170,play_frontside
mid,26,9,22,1110,101,high,center,2,51,288,play_frontside
mid,67,9,2,2094,250,mid,edge,1,21,351,stick_deadside
early,32,4,26,401,-103,mid,corner,1,50,318,play_frontside
mid,37,5,54,800,85,mid,edge,3,96,100,play_frontside
late,59,4,28,1495,325,low,center,1,57,224,play_frontside
mid,53,7,28,1381,95,mid,center,1,52,59,play_frontside
late,30,6,7,1561,76,mid,center,0,78,293,play_frontside
late,33,8,9,565,222,low,edge,2,93,265,take_height
mid,71,8,54,1924,394,high,center,0,91,161,stick_deadside
mid,35,5,20,2562,366,low,corner,0,81,228,look_for_refresh
early,62,3,46,1875,197,mid,center,3,68,324,drop_low
mid,38,5,13,1646,2,mid,corner,0,100,366,take_height
mid,28,5,24,830,88,mid,edge,0,27,196,stick_deadside
mid,48,3,0,2041,8,low,center,1,51,398,drop_low
early,28,5,5,2603,16,mid,center,3,28,117,play_frontside
mid,78,5,37,2684,366,mid,center,0,88,247,take_height
mid,21,7,54,1740,-48,mid,edge,1,59,292,take_height
mid,59,3,6,1597,340,low,edge,3,26,160,play_frontside
late,75,4,15,585,-107,high,corner,3,34,12,stick_deadside
mid,76,9,49,1086,156,low,corner,3,62,318,drop_low
early,26,5,25,373,386,mid,center,0,41,63,stick_deadside
early,76,5,36,1776,380,mid,center,0,80,111,play_frontside
late,55,9,37,1063,-134,high,edge,3,84,400,stick_deadside
mid,40,7,49,2704,330,low,center,1,46,371,stick_deadside
late,42,5,56,1022,304,mid,corner,0,73,221,look_for_refresh
early,55,9,21,1304,-131,low,center,2,36,85,play_frontside
mid,50,8,52,2775,186,mid,corner,1,54,265,stick_deadside
mid,47,7,7,2141,180,mid,edge,0,70,84,stick_deadside
early,35,7,39,2048,55,high,edge,0,95,266,look_for_refresh
mid,44,8,29,1180,268,low,edge,2,43,173,drop_low
mid,55,5,27,461,11,low,center,0,99,207,stick_deadside
early,28,9,13,1013,203,high,edge,0,42,321,take_height
early,22,8,48,1647,197,mid,center,2,41,147,stick_deadside
early,79,8,22,1961,-64,low,edge,2,68,135,stabilize_box
late,74,9,5,2228,200,high,center,1,70,189,play_frontside
early,29,5,2,2890,-15,high,center,0,54,384,look_for_refresh
mid,55,5,0,16,238,mid,center,1,75,381,play_frontside
late,28,3,49,1949,203,mid,edge,3,16,367,drop_low
late,20,6,28,720,183,mid,center,0,18,291,play_frontside
mid,20,6,16,240,263,mid,corner,2,50,328,play_frontside
mid,28,8,50,2746,101,mid,corner,3,4,352,take_height
mid,46,9,45,1218,201,low,edge,3,80,223,stick_deadside
early,50,7,37,632,375,mid,corner,1,1,276,stick_deadside
late,22,3,33,1062,-77,high,edge,2,63,119,stick_deadside
mid,62,3,5,2676,32,high,edge,0,4,79,drop_low
early,38,9,10,1933,364,mid,center,1,41,278,play_frontside
early,52,8,57,2790,23,low,center,1,13,399,stabilize_box
late,25,4,55,2027,373,low,center,1,63,55,play_frontside
early,45,9,18,2468,86,mid,corner,1,55,123,take_height
mid,65,4,2,2911,222,mid,corner,2,27,33,take_height
mid,69,6,59,800,-138,mid,corner,1,28,227,drop_low
mid,62,3,48,1100,85,high,center,3,50,350,take_height
late,71,5,50,1276,-114,mid,corner,1,69,234,stick_deadside
early,69,9,54,1781,296,high,corner,0,13,186,stick_deadside
early,43,7,40,637,-145,mid,center,1,5,145,stick_deadside
mid,39,4,12,2495,290,mid,center,3,41,122,play_frontside
mid,71,5,55,286,87,low,center,1,26,395,play_frontside
early,71,9,42,2450,48,mid,corner,0,11,234,stabilize_box
mid,61,7,2,1875,18,mid,edge,0,27,396,stabilize_box
early,73,3,36,827,177,mid,center,2,63,155,stick_deadside
late,32,4,48,2110,237,mid,corner,0,43,381,drop_low
late,37,4,32,2995,137,low,corner,1,46,113,play_frontside
late,48,6,8,467,293,high,edge,0,32,353,take_height
late,48,4,15,321,156,mid,center,0,42,165,play_frontside
early,60,8,58,1534,241,high,corner,0,70,312,take_height
early,73,3,41,1393,381,mid,center,0,74,319,look_for_refresh
mid,66,6,29,404,-43,mid,center,2,42,341,take_height
early,35,9,11,2523,-115,high,edge,2,49,345,drop_low
mid,23,7,22,2004,177,high,edge,2,44,269,stabilize_box
early,73,9,35,1752,210,mid,edge,0,14,346,look_for_refresh
early,63,8,35,1068,-1,mid,corner,3,53,299,stick_deadside
early,66,9,18,510,357,low,edge,1,5,296,take_height
late,73,8,52,2922,34,high,edge,0,86,335,take_height
late,49,4,7,2953,124,high,corner,2,86,167,stick_deadside
mid,30,6,50,472,162,high,center,1,42,173,look_for_refresh
mid,20,3,21,2704,42,low,edge,0,11,16,take_height
early,72,3,51,216,370,high,center,1,46,332,stick_deadside
late,80,9,34,1341,394,mid,center,3,32,54,take_height
mid,66,5,16,2475,8,mid,corner,3,33,221,play_frontside
mid,47,8,12,467,299,mid,edge,2,91,143,stick_deadside
mid,27,8,55,280,312,high,edge,0,66,188,stick_deadside
mid,29,6,30,2071,-98,high,corner,2,55,292,play_frontside
mid,25,9,6,65,248,mid,corner,3,78,66,take_height
late,58,7,12,2879,99,mid,center,1,82,261,play_frontside
mid,47,3,6,737,392,high,edge,1,20,246,play_frontside
early,72,8,39,1028,97,mid,edge,1,23,160,stabilize_box
mid,57,3,57,310,378,high,corner,1,53,78,stabilize_box
early,34,5,13,2817,129,mid,edge,3,59,96,stabilize_box
early,63,9,24,2368,344,high,edge,3,39,344,stick_deadside
mid,45,8,15,2356,-30,mid,corner,2,58,336,play_frontside
mid,58,6,11,2894,107,high,corner,3,52,130,take_height
early,71,7,46,1548,209,high,center,2,69,1,stabilize_box
mid,66,4,41,2710,222,high,edge,2,95,172,look_for_refresh
mid,24,5,50,2628,-133,high,corner,2,89,336,play_frontside
late,22,3,33,1219,300,mid,corner,3,45,264,play_frontside
mid,59,4,14,693,44,low,edge,1,99,346,stabilize_box
early,32,6,35,386,363,mid,corner,2,54,298,take_height
mid,79,5,3,2649,218,low,corner,0,33,21,take_height
late,78,7,12,2707,126,high,center,2,42,133,play_frontside
mid,80,3,23,2951,14,mid,edge,1,71,49,stick_deadside
late,37,3,55,161,48,mid,center,2,69,71,stick_deadside
early,69,7,38,1608,321,high,edge,3,69,61,stick_deadside
mid,48,3,52,260,-64,low,center,2,31,133,stick_deadside
mid,43,4,47,1566,151,mid,edge,2,41,48,look_for_refresh
late,37,6,0,686,233,low,corner,2,69,209,play_frontside
mid,70,3,21,1506,85,low,corner,3,68,59,stick_deadside
